{"Reward": -0.3999999999999999, "_timestamp": 1668614912.15985, "_runtime": 96.8464868068695, "_step": 5}