{"Reward": 20.999999999999915, "_timestamp": 1668614458.2120461, "_runtime": 121.99018025398254, "_step": 21, "_wandb": {"runtime": 121}}