{"Reward": 87, "_timestamp": 1668616756.6332283, "_runtime": 276.0483293533325, "_step": 41, "_wandb": {"runtime": 275}}