{"Reward": -46.40000000000013, "_timestamp": 1668618555.244669, "_runtime": 755.89080286026, "_step": 111, "_wandb": {"runtime": 755}}