{"Reward": -1.6, "_timestamp": 1668614986.8195522, "_runtime": 50.517569065093994, "_step": 5}