{"Reward": 156.4000000000001, "_timestamp": 1668615208.0092442, "_runtime": 198.48114323616028, "_step": 31, "_wandb": {"runtime": 196}}