{"Reward": 41.79999999999994, "_timestamp": 1668616042.3007286, "_runtime": 736.74382853508, "_step": 111, "_wandb": {"runtime": 736}}