{"Reward": 125, "_timestamp": 1668610982.817941, "_runtime": 236.03286004066467, "_step": 21, "_wandb": {"runtime": 235}}