{"Reward": 24532, "_timestamp": 1668620825.1462245, "_runtime": 735.3645174503326, "_step": 111, "_wandb": {"runtime": 735}}