{"Reward": 157.40000000000003, "_timestamp": 1668617759.6360154, "_runtime": 747.6966032981873, "_step": 111, "_wandb": {"runtime": 747}}