{"Reward": 140, "_timestamp": 1668611257.4823375, "_runtime": 124.21024441719055, "_step": 21, "_wandb": {"runtime": 124}}