{"Reward": 24679, "_timestamp": 1668622851.3000278, "_runtime": 1428.7691087722778, "_step": 211, "_wandb": {"runtime": 1428}}